,Artist,Album,style,labels
0,Alex Coulton,Bleep Sequence _ Tension,Bass Music,Mistry
0,Alex Coulton,Bleep Sequence _ Tension,Techno,Mistry
0,Alex Coulton,Bleep Sequence _ Tension,House,Mistry
0,Alex Coulton,Bleep Sequence _ Tension,UK Garage,Mistry
1,Alex Coulton,Recall _ Wiretap,Dubstep,Tempa
1,Alex Coulton,Recall _ Wiretap,Experimental,Tempa
4,Anthony Naples,Fog FM,Techno,ANS
4,Anthony Naples,Fog FM,Tech House,ANS
4,Anthony Naples,Fog FM,House,ANS
4,Anthony Naples,Fog FM,Ambient,ANS
4,Anthony Naples,Fog FM,Deep House,ANS
5,Anthony Naples,Chameleon,Ambient,ANS
5,Anthony Naples,Chameleon,Downtempo,ANS
5,Anthony Naples,Chameleon,Chillwave,ANS
6,Silas & Snare,PRESSURE,Bass Music,Kaizen
7,Anunaku & DJ Plead,032,Breakbeat,AD 93
7,Anunaku & DJ Plead,032,Tribal,AD 93
7,Anunaku & DJ Plead,032,Techno,AD 93
8,Mars89,End of the Death,Industrial,Bokeh Versions
8,Mars89,End of the Death,Dub,Bokeh Versions
9,Mars89,Lucid Dream EP,Experimental,Bokeh Versions
9,Mars89,Lucid Dream EP,Dancehall,Bokeh Versions
10,Asusu,Hallucinator _ Sendak,Electro,Livity Sound
10,Asusu,Hallucinator _ Sendak,Experimental,Livity Sound
11,Atoloi,CuraVoceScura,Tribal,Details Sound
11,Atoloi,CuraVoceScura,Techno,Details Sound
11,Atoloi,CuraVoceScura,Acid,Details Sound
11,Atoloi,CuraVoceScura,Downtempo,Details Sound
12,Atoloi,Papier d'Armenie,Techno,Aura Dinamica
12,Atoloi,Papier d'Armenie,Ambient,Aura Dinamica
12,Atoloi,Papier d'Armenie,Experimental,Aura Dinamica
13,Seven Sisters,Pursuit Ep,Abstract,Konglomerat
13,Seven Sisters,Pursuit Ep,Ambient,Konglomerat
13,Seven Sisters,Pursuit Ep,Deep Techno,Konglomerat
13,Seven Sisters,Pursuit Ep,Noise,Konglomerat
13,Seven Sisters,Pursuit Ep,IDM,Konglomerat
14,At One,Rainfall In Dub,Breakbeat,Big Cat
14,At One,Rainfall In Dub,Deep House,Big Cat
14,At One,Rainfall In Dub,Hip Hop,Big Cat
15,Palms Trax,Equation EP,House,Lobster Theremin
16,Batu,Marius EP,Techno,Hessle Audio
16,Batu,Marius EP,House,Hessle Audio
16,Batu,Marius EP,Ambient,Hessle Audio
17,Batu,"Sharpen, Moving",Techno,Timedance
17,Batu,"Sharpen, Moving",Dubstep,Timedance
18,Batu,Batu - Numen _ Cazz,Techno,Hotline Recordings
19,Batu,Bleeper Feed _ April These,Techno,Dnuos Ytivil
20,Batu,Murmur,Techno,Timedance
21,Batu & Lurka,Curved _ Bambounou Hyper Street Remix,Experimental,Fringe White
21,Batu & Lurka,Curved _ Bambounou Hyper Street Remix,Techno,Fringe White
21,Batu & Lurka,Curved _ Bambounou Hyper Street Remix,House,Fringe White
22,Reedale Rise,Eternal Return,Electro,Frustrated Funk
22,Reedale Rise,Eternal Return,Techno,Frustrated Funk
22,Reedale Rise,Eternal Return,Acid,Frustrated Funk
23,Big Hands,Ossario,Techno,Blank Mind
23,Big Hands,Ossario,Deep Techno,Blank Mind
23,Big Hands,Ossario,Leftfield,Blank Mind
24,Big Hands,Arcane Mosaics,Grime,Beat Machine Records
24,Big Hands,Arcane Mosaics,Dub Techno,Beat Machine Records
24,Big Hands,Arcane Mosaics,Breaks,Beat Machine Records
24,Big Hands,Arcane Mosaics,Leftfield,Beat Machine Records
25,Big Hands,Lakamha,Illbient,Oscilla Sound
25,Big Hands,Lakamha,Leftfield,Oscilla Sound
25,Big Hands,Lakamha,Techno,Oscilla Sound
26,Borai,Borai - Anybody From London EP,Breakbeat,Hotline Recordings
26,Borai,Borai - Anybody From London EP,Jungle,Hotline Recordings
26,Borai,Borai - Anybody From London EP,Techno,Hotline Recordings
27,Breaka,004 - Rory's Theme _ Puffer Jackets,Bass Music,Holding Hands
27,Breaka,004 - Rory's Theme _ Puffer Jackets,Deep House,Holding Hands
27,Breaka,004 - Rory's Theme _ Puffer Jackets,Breaks,Holding Hands
28,Buttechno,Omnia Vanitas,Techno,Lowlife Cartel
28,Buttechno,Omnia Vanitas,Jungle,Lowlife Cartel
28,Buttechno,Omnia Vanitas,Minimal,Lowlife Cartel
28,Buttechno,Omnia Vanitas,Leftfield,Lowlife Cartel
28,Buttechno,Omnia Vanitas,Thug Rap,Lowlife Cartel
29,Buttechno,Badtrip (TRP027),Techno,трип
29,Buttechno,Badtrip (TRP027),Industrial,трип
30,Cabasa,Uncle Sigmund's EP,Breaks,Eclipse Tribez
30,Cabasa,Uncle Sigmund's EP,House,Eclipse Tribez
30,Cabasa,Uncle Sigmund's EP,Ambient,Eclipse Tribez
31,Cabasa,Mail Sent EP,Breaks,Eddy Larkin
31,Cabasa,Mail Sent EP,Techno,Eddy Larkin
31,Cabasa,Mail Sent EP,Ambient,Eddy Larkin
32,Cassius Select,Essence,House,Accidental Jnr
33,Cassius Select,Slang,Dubstep,Not On Label
35,Chaos In The Cbd,Orange Blank,House,In Dust We Trust
35,Chaos In The Cbd,Orange Blank,Balearic,In Dust We Trust
35,Chaos In The Cbd,Orange Blank,Acid House,In Dust We Trust
36,Chaos In The Cbd,816 To Nunhead _ 78 To Stanley Bay,House,Amadeus Records (2)
37,Wedding Acid Group,Easid Bits EP,Acid,Art-Aud
37,Wedding Acid Group,Easid Bits EP,IDM,Art-Aud
37,Wedding Acid Group,Easid Bits EP,Techno,Art-Aud
38,Hypho,Round Ere,Bass Music,81
39,NKC,Hague Basement,Techno,Her Records (2)
39,NKC,Hague Basement,Tribal House,Her Records (2)
40,V_A,SECRET RAVE 02,Hardcore,5th Gear
40,V_A,SECRET RAVE 02,Gabber,5th Gear
41,V_A,SECRET RAVE 03,Hardcore,5th Gear
41,V_A,SECRET RAVE 03,Gabber,5th Gear
42,V_A,SECRET RAVE 04,Ambient,No Problema Tapes
42,V_A,SECRET RAVE 04,Vaporwave,No Problema Tapes
43,V_A,SECRET RAVE 05,Musique Concrète,Seeland
43,V_A,SECRET RAVE 05,Post-Modern,Seeland
43,V_A,SECRET RAVE 05,Sound Collage,Seeland
43,V_A,SECRET RAVE 05,Experimental,Seeland
43,V_A,SECRET RAVE 05,Plunderphonics,Seeland
44,V_A,SECRET RAVE 06,Hardstyle,Polystar (3)
44,V_A,SECRET RAVE 06,Hard Trance,Polystar (3)
45,Tammo Hesselink,Easy To See,Techno,Nous'klaer Audio
48,Conrad Pack,Receptor,Dub,SELN Recordings
48,Conrad Pack,Receptor,Techno,SELN Recordings
49,Data Assault,ND006 - Black Earth EP,Electro,Nice & Deadly
50,Tracy,Reconstructions Part 2,Techno,Sonntag Morgen
51,Keepsakes,Ever So Merry LP,Techno,Variance (2)
52,STILL,I (Remixed),House,Talkin' Loud
52,STILL,I (Remixed),Acid Jazz,Talkin' Loud
52,STILL,I (Remixed),Drum n Bass,Talkin' Loud
52,STILL,I (Remixed),Deep House,Talkin' Loud
52,STILL,I (Remixed),Downtempo,Talkin' Loud
52,STILL,I (Remixed),Garage House,Talkin' Loud
53,DJ Healer,Nothing 2 Loose,Ambient,All Possible Worlds
53,DJ Healer,Nothing 2 Loose,Breakbeat,All Possible Worlds
53,DJ Healer,Nothing 2 Loose,House,All Possible Worlds
54,DJ Healer,Planet Lonely,Ambient,All Possible Worlds
54,DJ Healer,Planet Lonely,Breakbeat,All Possible Worlds
54,DJ Healer,Planet Lonely,House,All Possible Worlds
56,DJ NERVOSO,DJ Nervoso,House,Príncipe
56,DJ NERVOSO,DJ Nervoso,Techno,Príncipe
56,DJ NERVOSO,DJ Nervoso,Kuduro,Príncipe
57,DJ NIGGA FOX,O Meu Estilo EP,House,Príncipe
57,DJ NIGGA FOX,O Meu Estilo EP,African,Príncipe
57,DJ NIGGA FOX,O Meu Estilo EP,Kuduro,Príncipe
61,TMSV,"Jungle, Vol. 1",Drum n Bass,Broken Records (83)
61,TMSV,"Jungle, Vol. 1",Jungle,Broken Records (83)
62,TMSV,"Jungle, Vol. 3",Jungle,Not On Label (TMSV Self-released)
62,TMSV,"Jungle, Vol. 3",Drum n Bass,Not On Label (TMSV Self-released)
63,Donato Dozzy,Cassandra [Claque Musique],Deep Techno,Claque Musique
63,Donato Dozzy,Cassandra [Claque Musique],Ambient,Claque Musique
63,Donato Dozzy,Cassandra [Claque Musique],Drone,Claque Musique
64,downstairs J,"basement, etc.._",Trip Hop,Incienso
64,downstairs J,"basement, etc.._",Downtempo,Incienso
64,downstairs J,"basement, etc.._",Acid House,Incienso
66,Henry Greenleaf,Fold Together EP,Breakbeat,Par Avion
66,Henry Greenleaf,Fold Together EP,UK Garage,Par Avion
66,Henry Greenleaf,Fold Together EP,Techno,Par Avion
67,Henry Greenleaf,Rush EP,Bass Music,Version (2)
67,Henry Greenleaf,Rush EP,Experimental,Version (2)
69,Fredo Santana,Fredo Kruger 2,Trap,Savage Squad Records
69,Fredo Santana,Fredo Kruger 2,Drill,Savage Squad Records
69,Fredo Santana,Fredo Kruger 2,Gangsta,Savage Squad Records
70,IBON,Kul 001,Techno,Kulør
70,IBON,Kul 001,Trance,Kulør
71,IBON,Three Ways,Techno,Kulør
72,Four Tet,New Energy,Ambient,Text Records
72,Four Tet,New Energy,House,Text Records
72,Four Tet,New Energy,Techno,Text Records
72,Four Tet,New Energy,Minimal,Text Records
73,Drew Sky,Fuk 2 Nite,House,Dance Mania
73,Drew Sky,Fuk 2 Nite,Ghetto House,Dance Mania
74,Lurka,Full Clip _ BR Greaze,Bass Music,Hotline Recordings
74,Lurka,Full Clip _ BR Greaze,Dubstep,Hotline Recordings
74,Lurka,Full Clip _ BR Greaze,Dancehall,Hotline Recordings
74,Lurka,Full Clip _ BR Greaze,Halftime,Hotline Recordings
75,Lurka,Rhythm Hi-Tek,Grime,Timedance
75,Lurka,Rhythm Hi-Tek,Hard Techno,Timedance
75,Lurka,Rhythm Hi-Tek,Bass Music,Timedance
75,Lurka,Rhythm Hi-Tek,Deconstructed Club,Timedance
75,Lurka,Rhythm Hi-Tek,Abstract,Timedance
75,Lurka,Rhythm Hi-Tek,Bleep,Timedance
75,Lurka,Rhythm Hi-Tek,Dubstep,Timedance
75,Lurka,Rhythm Hi-Tek,Dancehall,Timedance
75,Lurka,Rhythm Hi-Tek,Bassline,Timedance
76,Lurka,Ritual Dingers _ Choke,Dubstep,Hotline Recordings
76,Lurka,Ritual Dingers _ Choke,Electro,Hotline Recordings
76,Lurka,Ritual Dingers _ Choke,Techno,Hotline Recordings
77,Lurka,Stush _ Wrapped Up,Grime,Hotline Recordings
77,Lurka,Stush _ Wrapped Up,Techno,Hotline Recordings
78,Flowdan Frisco,Full Metal Jacket,Grime,Tru Thoughts
79,Flowdan,Full Metal Jacket,Grime,Tru Thoughts
80,Flowdan IRah,Full Metal Jacket,Grime,Tru Thoughts
81,Marino Stephano,Future Trance 5,Trance,Polystar (3)
81,Marino Stephano,Future Trance 5,Euro House,Polystar (3)
81,Marino Stephano,Future Trance 5,Progressive Trance,Polystar (3)
82,Meo Lorenzo,Future Trance 5,Trance,Polystar (3)
82,Meo Lorenzo,Future Trance 5,Euro House,Polystar (3)
82,Meo Lorenzo,Future Trance 5,Progressive Trance,Polystar (3)
83,Human Resources,BAM001,Breakbeat,Body Action Music
83,Human Resources,BAM001,Bassline,Body Action Music
83,Human Resources,BAM001,Techno,Body Action Music
83,Human Resources,BAM001,Electro,Body Action Music
84,Miss Peppermint,Future Trance 5,Trance,Polystar (3)
84,Miss Peppermint,Future Trance 5,Euro House,Polystar (3)
84,Miss Peppermint,Future Trance 5,Progressive Trance,Polystar (3)
85,Terry Bones,Future Trance 5,Trance,Polystar (3)
85,Terry Bones,Future Trance 5,Euro House,Polystar (3)
85,Terry Bones,Future Trance 5,Progressive Trance,Polystar (3)
86,Senate,Gangstalker,Techno,Pacific Command
86,Senate,Gangstalker,Electro,Pacific Command
86,Senate,Gangstalker,Breakbeat,Pacific Command
86,Senate,Gangstalker,Bass Music,Pacific Command
87,LCY,LCY,Pop Rock,MF Records (4)
87,LCY,LCY,Glam,MF Records (4)
88,K-LONE,K-LONE - Sine Language,Techno,Wisdom Teeth
88,K-LONE,K-LONE - Sine Language,House,Wisdom Teeth
88,K-LONE,K-LONE - Sine Language,Grime,Wisdom Teeth
88,K-LONE,K-LONE - Sine Language,Electro,Wisdom Teeth
88,K-LONE,K-LONE - Sine Language,UK Garage,Wisdom Teeth
88,K-LONE,K-LONE - Sine Language,Broken Beat,Wisdom Teeth
89,Gaunt,Gaunt - She's No Patsy _ Spacebirds [NSM007],Techno,Not So Much
89,Gaunt,Gaunt - She's No Patsy _ Spacebirds [NSM007],Leftfield,Not So Much
89,Gaunt,Gaunt - She's No Patsy _ Spacebirds [NSM007],Experimental,Not So Much
90,EDMX,Mind Mechanixx,Electro,Power Vacuum
90,EDMX,Mind Mechanixx,Techno,Power Vacuum
90,EDMX,Mind Mechanixx,Industrial,Power Vacuum
90,EDMX,Mind Mechanixx,Acid,Power Vacuum
90,EDMX,Mind Mechanixx,Breakbeat,Power Vacuum
91,Mr.K,Red Handed,Dubstep,White Peach
93,Lamont,Titanic _ Eyes Closed,Bass Music,81
93,Lamont,Titanic _ Eyes Closed,Techno,81
93,Lamont,Titanic _ Eyes Closed,Experimental,81
94,Lamont,Cut It Back EP,Dubstep,Version (2)
94,Lamont,Cut It Back EP,Bass Music,Version (2)
95,Lamont,Detached,Grime,81
95,Lamont,Detached,Dubstep,81
97,Joe,Get Centred,Techno,Cómeme
99,OL,OL - 'Dismeteo',Dub,Motion Ward
99,OL,OL - 'Dismeteo',Ambient,Motion Ward
99,OL,OL - 'Dismeteo',Leftfield,Motion Ward
99,OL,OL - 'Dismeteo',Techno,Motion Ward
100,Loop LF,Drifting Forwards,Dub Techno,Well Street Records
100,Loop LF,Drifting Forwards,Techno,Well Street Records
100,Loop LF,Drifting Forwards,Breakbeat,Well Street Records
100,Loop LF,Drifting Forwards,Experimental,Well Street Records
101,Loop LF,Natural XT EP,Minimal Techno,Well Street Records
101,Loop LF,Natural XT EP,Glitch,Well Street Records
101,Loop LF,Natural XT EP,Drum n Bass,Well Street Records
101,Loop LF,Natural XT EP,Leftfield,Well Street Records
102,Loop LF,Stepping Back,Broken Beat,Well Street Records
102,Loop LF,Stepping Back,House,Well Street Records
102,Loop LF,Stepping Back,Techno,Well Street Records
103,Reflex Blue,Gotham EP,House,Craigie Knowes
103,Reflex Blue,Gotham EP,Progressive House,Craigie Knowes
103,Reflex Blue,Gotham EP,Bass Music,Craigie Knowes
104,Luca Lozano,Inner Peace EP,House,Super Rhythm Trax
104,Luca Lozano,Inner Peace EP,Breakbeat,Super Rhythm Trax
104,Luca Lozano,Inner Peace EP,Downtempo,Super Rhythm Trax
104,Luca Lozano,Inner Peace EP,Deep House,Super Rhythm Trax
104,Luca Lozano,Inner Peace EP,Bleep,Super Rhythm Trax
105,Luca Lozano,Outer Space EP,Breakbeat,Super Rhythm Trax
105,Luca Lozano,Outer Space EP,Electro,Super Rhythm Trax
105,Luca Lozano,Outer Space EP,House,Super Rhythm Trax
105,Luca Lozano,Outer Space EP,Techno,Super Rhythm Trax
106,Luca Lozano,Summer Of Love EP,House,Super Rhythm Trax
107,Headless Horseman,Headless Horseman 007,Techno,Headless Horseman
107,Headless Horseman,Headless Horseman 007,Industrial,Headless Horseman
108,The Analogue Cops,Heavy Hands,Techno,Restoration Records
108,The Analogue Cops,Heavy Hands,House,Restoration Records
109,Hi5Ghost,Hi5Ghost - No Sleep _ Peder Mannerfelt Remix,Grime,Hotline Recordings
110,Sugar,Horsepower EP,Techno,Kulør
111,Sugar,Kul 001,Techno,Kulør
111,Sugar,Kul 001,Trance,Kulør
112,Mall Grab,"How The Dogs Chill, Vol.1",House,Looking For Trouble (2)
112,Mall Grab,"How The Dogs Chill, Vol.1",Leftfield,Looking For Trouble (2)
112,Mall Grab,"How The Dogs Chill, Vol.1",Breaks,Looking For Trouble (2)
112,Mall Grab,"How The Dogs Chill, Vol.1",Deep House,Looking For Trouble (2)
113,Matteo Coffetti,Hypnotecho'O,Techno,Pho Bho Records
113,Matteo Coffetti,Hypnotecho'O,Downtempo,Pho Bho Records
113,Matteo Coffetti,Hypnotecho'O,Tribal,Pho Bho Records
113,Matteo Coffetti,Hypnotecho'O,House,Pho Bho Records
114,Notte Infinita,I Lost All My Data,Techno,INDEX:Records
114,Notte Infinita,I Lost All My Data,Dubstep,INDEX:Records
115,Lil Durk,I’m Still a Hitta,Trap,Not On Label
115,Lil Durk,I’m Still a Hitta,Drill,Not On Label
115,Lil Durk,I’m Still a Hitta,Gangsta,Not On Label
116,nthng,Are You Here,Techno,Pacific Command
116,nthng,Are You Here,Electro,Pacific Command
117,Filter Dread,Ice Rave,Experimental,Sneaker Social Club
117,Filter Dread,Ice Rave,Grime,Sneaker Social Club
117,Filter Dread,Ice Rave,Breakbeat,Sneaker Social Club
120,Overmono,Diamond Cut _ Bby,UK Garage,XL Recordings
120,Overmono,Diamond Cut _ Bby,Breakbeat,XL Recordings
121,Paleman,Beezeldub,House,81
122,Paleman,Like O,Bass Music,81
122,Paleman,Like O,Experimental,81
122,Paleman,Like O,UK Garage,81
123,Paleman,PLMN001,Techno,PLMN
123,Paleman,PLMN001,Bass Music,PLMN
124,Paleman,Searching,Techno,Zehnin
125,Paleman,Yrs Ago _ Animus,Techno,81
125,Paleman,Yrs Ago _ Animus,Electro,81
125,Paleman,Yrs Ago _ Animus,House,81
125,Paleman,Yrs Ago _ Animus,Bass Music,81
126,Pangaea,Bone Sucka [HES033],Breakbeat,Hessle Audio
126,Pangaea,Bone Sucka [HES033],Techno,Hessle Audio
128,Pangaea,Inna Daze _ Won't Hurt,Bass Music,Hessle Audio
128,Pangaea,Inna Daze _ Won't Hurt,Dubstep,Hessle Audio
129,Legowelt,Immensity Of Cosmic Space,Techno,Unknown To The Unknown
129,Legowelt,Immensity Of Cosmic Space,Acid House,Unknown To The Unknown
129,Legowelt,Immensity Of Cosmic Space,Breakbeat,Unknown To The Unknown
130,Menzi,Impazamo,Experimental,Hakuna Kulala
130,Menzi,Impazamo,Bass Music,Hakuna Kulala
130,Menzi,Impazamo,Gqom,Hakuna Kulala
131,OH91,Skanks EP,Grime,White Peach
131,OH91,Skanks EP,UK Garage,White Peach
132,PEDRO,Damaia 2.0,Bass Music,Enchufada
132,PEDRO,Damaia 2.0,House,Enchufada
134,PEDRO,DL,Ballad,CBS
134,PEDRO,DL,Disco,CBS
136,Robert Fleck,Injury Time,Abstract,Well Street Records
136,Robert Fleck,Injury Time,Experimental,Well Street Records
136,Robert Fleck,Injury Time,Speed Garage,Well Street Records
136,Robert Fleck,Injury Time,Dubstep,Well Street Records
137,Robert Fleck,Soft Focus EP,Broken Beat,Well Street Records
137,Robert Fleck,Soft Focus EP,Techno,Well Street Records
137,Robert Fleck,Soft Focus EP,Dub,Well Street Records
138,Pearson Sound,Inside Out,Breakbeat,Hessle Audio
138,Pearson Sound,Inside Out,Techno,Hessle Audio
138,Pearson Sound,Inside Out,House,Hessle Audio
139,Pearson Sound,Rubble,Techno,Pearson Sound
140,Pearson Sound,Thaw Cycle,House,Pearson Sound
141,Randomer,HEK021 - Randomer - Bring _ Curtains,Techno,Hemlock Recordings
142,Ploy,Intrigued By The Drum,Tribal,Timedance
142,Ploy,Intrigued By The Drum,Techno,Timedance
143,Ploy,Iron Lungs,Techno,Timedance
143,Ploy,Iron Lungs,Tribal,Timedance
143,Ploy,Iron Lungs,Bassline,Timedance
145,Ploy,Ramos _ Roy's Rolls,Leftfield,Timedance
145,Ploy,Ramos _ Roy's Rolls,Tribal,Timedance
145,Ploy,Ramos _ Roy's Rolls,Techno,Timedance
146,Reflec,BHM,Techno,Pacific Command
146,Reflec,BHM,Breakbeat,Pacific Command
147,Radial,Inverso Mundi EP,Techno,Mord
149,Various Artists,Pho Beat Bazar Vol. 1,Downtempo,Pho Bho Records
149,Various Artists,Pho Beat Bazar Vol. 1,Tribal,Pho Bho Records
150,Various Artists,XXIII __ VOLUME 4,Hard House,Tidy
150,Various Artists,XXIII __ VOLUME 4,Hard Trance,Tidy
150,Various Artists,XXIII __ VOLUME 4,House,Tidy
152,Ishan Sound & RIder Shafique,Ishan Sound Vs Rider Shafique,Dub,Hotline Recordings
152,Ishan Sound & RIder Shafique,Ishan Sound Vs Rider Shafique,Dubstep,Hotline Recordings
153,Low Jack,Jingles du Lieu-dit,Dancehall,Les Disques De La Bretagne
153,Low Jack,Jingles du Lieu-dit,Industrial,Les Disques De La Bretagne
153,Low Jack,Jingles du Lieu-dit,Breakbeat,Les Disques De La Bretagne
154,Low Jack,Les Riddims du Lieu-dit,Dancehall,Les Disques De La Bretagne
154,Low Jack,Les Riddims du Lieu-dit,Industrial,Les Disques De La Bretagne
154,Low Jack,Les Riddims du Lieu-dit,Breakbeat,Les Disques De La Bretagne
155,Low Jack,Virgin Traf 22 _ Grass 29,Dancehall,Not On Label (Low Jack Self-released)
158,Stones Taro,Digital Vintage EP,Breakbeat,Scuffed Recordings
158,Stones Taro,Digital Vintage EP,Breaks,Scuffed Recordings
158,Stones Taro,Digital Vintage EP,UK Garage,Scuffed Recordings
158,Stones Taro,Digital Vintage EP,House,Scuffed Recordings
159,Tessela,Blue 01,Techno,Whities
159,Tessela,Blue 01,Electro,Whities
159,Tessela,Blue 01,Broken Beat,Whities
160,Tessela,Hackney Parrot _ Helter Skelter,Bass Music,Poly Kicks
160,Tessela,Hackney Parrot _ Helter Skelter,Jungle,Poly Kicks
161,Kahn & Neek,Kahn & Neek - Backchat _ Dubchat,Grime,Hotline Recordings
161,Kahn & Neek,Kahn & Neek - Backchat _ Dubchat,Ghetto,Hotline Recordings
161,Kahn & Neek,Kahn & Neek - Backchat _ Dubchat,Dancehall,Hotline Recordings
162,Cousin,Ruff Draft,Grime,81
162,Cousin,Ruff Draft,Garage House,81
163,YOKEL,Smell of Deer,Abstract,Avon Terror Corps
164,Kromestar,Kalawanji _ Surgery,Dubstep,Deep Medi Musik
165,Thomas P Heckmann,Acid Seduction,Acid,Afu Limited
165,Thomas P Heckmann,Acid Seduction,Techno,Afu Limited
166,Tolouse Low Trax,Decades Vol. 2,Experimental,Antinote
166,Tolouse Low Trax,Decades Vol. 2,Electro,Antinote
166,Tolouse Low Trax,Decades Vol. 2,Minimal,Antinote
166,Tolouse Low Trax,Decades Vol. 2,Techno,Antinote
166,Tolouse Low Trax,Decades Vol. 2,Industrial,Antinote
168,Samba,Kings,Dubstep,"Deep, Dark And Dangerous"
169,Samba,Winona [Ep],Dubstep,Deep Medi Musik
171,Szare,Kodiak _ Translocated,Techno,Different Circles
172,Schacke,Kul 001,Techno,Kulør
172,Schacke,Kul 001,Trance,Kulør
173,Repro,Kul 001,Techno,Kulør
173,Repro,Kul 001,Trance,Kulør
174,Funeral Future,Kul 001,Techno,Kulør
174,Funeral Future,Kul 001,Trance,Kulør
175,J_Kenzo,Ruffhouse VIP,Dubstep,Not On Label
176,J_Kenzo,Shark Eye _ Asutoraru,Dubstep,Artikal Music UK
177,EGOLESS,Solidarity in Dub,Dub,Not On Label (Egoless Self-released)
178,Logic1000,LOGIC1000,Dubstep,Because Music
178,Logic1000,LOGIC1000,House,Because Music
179,H.R_,SPORTS 3,Experimental,Not On Label
179,H.R_,SPORTS 3,Modern,Not On Label
179,H.R_,SPORTS 3,Musique Concrète,Not On Label
179,H.R_,SPORTS 3,Field Recording,Not On Label
181,DJ Metatron,Loops of Infinity (A Rave Loveletter),Ambient,All Possible Worlds
181,DJ Metatron,Loops of Infinity (A Rave Loveletter),Breakbeat,All Possible Worlds
181,DJ Metatron,Loops of Infinity (A Rave Loveletter),Breaks,All Possible Worlds
181,DJ Metatron,Loops of Infinity (A Rave Loveletter),Techno,All Possible Worlds
181,DJ Metatron,Loops of Infinity (A Rave Loveletter),Neo Trance,All Possible Worlds
181,DJ Metatron,Loops of Infinity (A Rave Loveletter),Trance,All Possible Worlds
182,Sikka Rymes,Love Di People EP,Dancehall,Bokeh Versions
182,Sikka Rymes,Love Di People EP,Experimental,Bokeh Versions
182,Sikka Rymes,Love Di People EP,Bassline,Bokeh Versions
185,Fabio Fabio,Masochistas EP (IVR011),Electro,Ivreatronic
186,James Shinra,Meteor EP,Acid,Analogical Force
186,James Shinra,Meteor EP,Electro,Analogical Force
186,James Shinra,Meteor EP,IDM,Analogical Force
187,Kinlaw & Franco Franco,Mezzi Umani Mezze Macchine,Trap,Avon Terror Corps
187,Kinlaw & Franco Franco,Mezzi Umani Mezze Macchine,Industrial,Avon Terror Corps
187,Kinlaw & Franco Franco,Mezzi Umani Mezze Macchine,Post-Punk,Avon Terror Corps
188,Pearson Sound X Clara!,Mi Cuerpo,Reggaeton,Pearson Sound
188,Pearson Sound X Clara!,Mi Cuerpo,House,Pearson Sound
188,Pearson Sound X Clara!,Mi Cuerpo,Dubstep,Pearson Sound
189,YOUTH,Blazer Sound System - YO6TH,Dub,Youth
189,YOUTH,Blazer Sound System - YO6TH,Breakbeat,Youth
190,YOUTH,Nuclear Winter _ Heavy Rain - Y15TH,Dubstep,Youth
191,a rocket in dub,normal dub,Dub,Krachladen Dub
191,a rocket in dub,normal dub,Dub Techno,Krachladen Dub
191,a rocket in dub,normal dub,IDM,Krachladen Dub
192,Yak,Mido _ Darunia,Techno,Version (2)
192,Yak,Mido _ Darunia,Tribal,Version (2)
193,Yak,Umbra _ Kaepora,Dubstep,Version (2)
194,Jerico,Run That,Europop,EMI
194,Jerico,Run That,Soul,EMI
194,Jerico,Run That,Ballad,EMI
196,Klaus,Sabz _ Qua,Downtempo,Tanum
196,Klaus,Sabz _ Qua,Dub,Tanum
196,Klaus,Sabz _ Qua,Ambient,Tanum
197,"Sam Binga, Marcus Visionary",Sam Binga & Marcus Visionary - Doubles EP,UK Funky,Hotline Recordings
198,Space Drum Meditation,SDM001,Deep House,Space Drum Meditation
198,Space Drum Meditation,SDM001,Techno,Space Drum Meditation
198,Space Drum Meditation,SDM001,Breakbeat,Space Drum Meditation
198,Space Drum Meditation,SDM001,Leftfield,Space Drum Meditation
199,Space Drum Meditation,SDM002,Techno,Space Drum Meditation
199,Space Drum Meditation,SDM002,Experimental,Space Drum Meditation
199,Space Drum Meditation,SDM002,Electro,Space Drum Meditation
200,Space Drum Meditation,SDM003,Tribal,Space Drum Meditation
200,Space Drum Meditation,SDM003,Experimental,Space Drum Meditation
200,Space Drum Meditation,SDM003,Techno,Space Drum Meditation
201,Space Drum Meditation,SDM005,Techno,Space Drum Meditation
201,Space Drum Meditation,SDM005,Tribal,Space Drum Meditation
201,Space Drum Meditation,SDM005,Experimental,Space Drum Meditation
202,Space Drum Meditation,Space Drum Meditation - SDM004,Tribal,Space Drum Meditation
202,Space Drum Meditation,Space Drum Meditation - SDM004,Techno,Space Drum Meditation
203,Randomer & Hodge,Second Freeze _ Simple As,Techno,Dnuos Ytivil
203,Randomer & Hodge,Second Freeze _ Simple As,Tribal,Dnuos Ytivil
205,The Prince Stoner,MYSTB003 __ THE PRINCE STONER,Dub,Mystery Booms
205,The Prince Stoner,MYSTB003 __ THE PRINCE STONER,Abstract,Mystery Booms
206,The Prince Stoner,Stoner's Dub,Dub,Groovedge Records
206,The Prince Stoner,Stoner's Dub,Experimental,Groovedge Records
207,Bengal Sound,Never Mind _ Short Stay,Dubstep,Bandulu Records
207,Bengal Sound,Never Mind _ Short Stay,Grime,Bandulu Records
208,Secret Rave,SECRET RAVE 01,Techno,Art-Aud
208,Secret Rave,SECRET RAVE 01,Breaks,Art-Aud
208,Secret Rave,SECRET RAVE 01,Hardcore,Art-Aud
209,John T. Gast,5GTOUR,Dub,5 Gate Temple
209,John T. Gast,5GTOUR,Techno,5 Gate Temple
209,John T. Gast,5GTOUR,Experimental,5 Gate Temple
209,John T. Gast,5GTOUR,Grime,5 Gate Temple
210,John T. Gast,KINGS X _ EXTENDED MIX,Dub,5 Gate Temple
210,John T. Gast,KINGS X _ EXTENDED MIX,Techno,5 Gate Temple
211,Marco Shuttle,Cobalt Desert Oasis,Ambient,Incienso
211,Marco Shuttle,Cobalt Desert Oasis,Techno,Incienso
211,Marco Shuttle,Cobalt Desert Oasis,Experimental,Incienso
212,Marco Shuttle,Ritmo Elegante,Ambient,Spazio Disponibile
212,Marco Shuttle,Ritmo Elegante,Techno,Spazio Disponibile
213,Laksa,Sen On One,Techno,Timedance
213,Laksa,Sen On One,Dubstep,Timedance
213,Laksa,Sen On One,Dancehall,Timedance
214,Toma Kami,Sharp Tool in the Shed _ Land of the Insane,Deep House,Livity Sound
214,Toma Kami,Sharp Tool in the Shed _ Land of the Insane,Leftfield,Livity Sound
214,Toma Kami,Sharp Tool in the Shed _ Land of the Insane,Techno,Livity Sound
214,Toma Kami,Sharp Tool in the Shed _ Land of the Insane,Ambient,Livity Sound
215,Notte Brigante,NB01t - HLM38 _ UVB76 _ The Idealist _ Lo Kindre,Industrial,Notte Brigante
215,Notte Brigante,NB01t - HLM38 _ UVB76 _ The Idealist _ Lo Kindre,Dub,Notte Brigante
215,Notte Brigante,NB01t - HLM38 _ UVB76 _ The Idealist _ Lo Kindre,Experimental,Notte Brigante
217,Silent Servant,Negative Fascination,Techno,Hospital Productions
217,Silent Servant,Negative Fascination,Industrial,Hospital Productions
217,Silent Servant,Negative Fascination,Ambient,Hospital Productions
218,Objekt,Objekt #4,House,Objekt
218,Objekt,Objekt #4,Breaks,Objekt
218,Objekt,Objekt #4,Techno,Objekt
219,Objekt,Objekt #5,Techno,Objekt
220,Joy Orbison,Off Season _ Fuerza [HINF8679],Techno,Hinge Finger
220,Joy Orbison,Off Season _ Fuerza [HINF8679],Breaks,Hinge Finger
221,DJ Heartstring,Sensual Hits Volume 1,Techno,Not On Label
223,DJ Heartstring,Sensual Hits Volume 3,Techno,Not On Label
224,DJ Heartstring,Teenage Dreams,Trance,Teenage Dreams
224,DJ Heartstring,Teenage Dreams,Hard Trance,Teenage Dreams
225,VA,Thick As Thieves,Techno,TXTRL
225,VA,Thick As Thieves,Experimental,TXTRL
226,Kuzma Palkin,Omnia Vanitas,Techno,Lowlife Cartel
226,Kuzma Palkin,Omnia Vanitas,Jungle,Lowlife Cartel
226,Kuzma Palkin,Omnia Vanitas,Minimal,Lowlife Cartel
226,Kuzma Palkin,Omnia Vanitas,Leftfield,Lowlife Cartel
226,Kuzma Palkin,Omnia Vanitas,Thug Rap,Lowlife Cartel
227,Solotape,Omnia Vanitas,Techno,Lowlife Cartel
227,Solotape,Omnia Vanitas,Jungle,Lowlife Cartel
227,Solotape,Omnia Vanitas,Minimal,Lowlife Cartel
227,Solotape,Omnia Vanitas,Leftfield,Lowlife Cartel
227,Solotape,Omnia Vanitas,Thug Rap,Lowlife Cartel
230,Slacker,Damage To Be Undone,Techno,Soft Raw
230,Slacker,Damage To Be Undone,Ambient,Soft Raw
230,Slacker,Damage To Be Undone,Jungle,Soft Raw
231,2Beast & Ko$te,Omnia Vanitas,Techno,Lowlife Cartel
231,2Beast & Ko$te,Omnia Vanitas,Jungle,Lowlife Cartel
231,2Beast & Ko$te,Omnia Vanitas,Minimal,Lowlife Cartel
231,2Beast & Ko$te,Omnia Vanitas,Leftfield,Lowlife Cartel
231,2Beast & Ko$te,Omnia Vanitas,Thug Rap,Lowlife Cartel
232,Pawel's Bar,Pawel's Bar - Cantina,Dub,OK SPIRIT
232,Pawel's Bar,Pawel's Bar - Cantina,Downtempo,OK SPIRIT
232,Pawel's Bar,Pawel's Bar - Cantina,Leftfield,OK SPIRIT
232,Pawel's Bar,Pawel's Bar - Cantina,Future Jazz,OK SPIRIT
233,PML BEATZ,Pedra de 800 Kg,Kuduro,Príncipe
234,Yung Beef,Perreo de la Muerte 2,Trap,La Vendicion
234,Yung Beef,Perreo de la Muerte 2,Reggaeton,La Vendicion
235,Commodo feat. JME,Shift,Grime,Deep Medi Musik
235,Commodo feat. JME,Shift,Dubstep,Deep Medi Musik
236,Ats,Slack,Electro,Streetwise
237,Dogpatrol,SNKRX04,UK Garage,Sneaker Social Club
237,Dogpatrol,SNKRX04,Bass Music,Sneaker Social Club
238,wzrdryAV,Midnight Visions,Ambient,Accidental Meetings
238,wzrdryAV,Midnight Visions,Dub Techno,Accidental Meetings
238,wzrdryAV,Midnight Visions,Downtempo,Accidental Meetings
238,wzrdryAV,Midnight Visions,Field Recording,Accidental Meetings
241,Branko + PEDRO,MPTS,Bass Music,Enchufada
242,Debmaster,Crocodiles Homieees,Juke,Hakuna Kulala
242,Debmaster,Crocodiles Homieees,Bass Music,Hakuna Kulala
242,Debmaster,Crocodiles Homieees,Hip Hop,Hakuna Kulala
242,Debmaster,Crocodiles Homieees,Instrumental,Hakuna Kulala
243,Hypho & Rakay,Round Ere,Bass Music,81
244,Franco Franco,Solo Fiori,,do you have peace?
245,Audrey,Spanka Clawz EP,Acid,Scuffed Recordings
245,Audrey,Spanka Clawz EP,Electro,Scuffed Recordings
245,Audrey,Spanka Clawz EP,Breaks,Scuffed Recordings
245,Audrey,Spanka Clawz EP,Techno,Scuffed Recordings
246,Nah Eeto & Sumgii,Wanawake,Hip Hop,Swamp 81
246,Nah Eeto & Sumgii,Wanawake,Bass Music,Swamp 81
247,Piezo,Piezo,Bass Music,81
248,Piezo,ANSIA004,Techno,Ansia
248,Piezo,ANSIA004,Broken Beat,Ansia
249,Pugilist,Blue 06,Breaks,Whities
249,Pugilist,Blue 06,Bass Music,Whities
250,Pugilist,Negative Space,Breaks,Of Paradise
250,Pugilist,Negative Space,Dubstep,Of Paradise
250,Pugilist,Negative Space,Techno,Of Paradise
251,Pugilist,Pugilist - Cha _ Syncopate,Dubstep,Modern Hypnosis
254,Warehouse Rave,Soul Mass Transit System - Don't Hold Back EP,UK Garage,Warehouse Rave
254,Warehouse Rave,Soul Mass Transit System - Don't Hold Back EP,Speed Garage,Warehouse Rave
254,Warehouse Rave,Soul Mass Transit System - Don't Hold Back EP,Bassline,Warehouse Rave
255,Andy Mac & Ossia,Soup Riddim _ Cado _ Linguine,Dub,No Corner
255,Andy Mac & Ossia,Soup Riddim _ Cado _ Linguine,Dancehall,No Corner
255,Andy Mac & Ossia,Soup Riddim _ Cado _ Linguine,House,No Corner
256,JoeFarr,Spectate EP,Techno,Leisure System
257,Sockethead,SPORTS 3,Experimental,Youth
257,Sockethead,SPORTS 3,Abstract,Youth
257,Sockethead,SPORTS 3,Breaks,Youth
257,Sockethead,SPORTS 3,Leftfield,Youth
257,Sockethead,SPORTS 3,Grime,Youth
257,Sockethead,SPORTS 3,Illbient,Youth
257,Sockethead,SPORTS 3,Ambient,Youth
258,Anunaku,Stargate EP,Breakbeat,3024
258,Anunaku,Stargate EP,Techno,3024
260,Bicycle Ride,STAY FAST VOL. 1,Ragtime,Membran
260,Bicycle Ride,STAY FAST VOL. 1,Dixieland,Membran
260,Bicycle Ride,STAY FAST VOL. 1,Swing,Membran
260,Bicycle Ride,STAY FAST VOL. 1,Big Band,Membran
260,Bicycle Ride,STAY FAST VOL. 1,Bop,Membran
260,Bicycle Ride,STAY FAST VOL. 1,Boogie Woogie,Membran
260,Bicycle Ride,STAY FAST VOL. 1,Dark Jazz,Membran
260,Bicycle Ride,STAY FAST VOL. 1,Delta Blues,Membran
260,Bicycle Ride,STAY FAST VOL. 1,Chicago Blues,Membran
260,Bicycle Ride,STAY FAST VOL. 1,Electric Blues,Membran
260,Bicycle Ride,STAY FAST VOL. 1,Memphis Blues,Membran
260,Bicycle Ride,STAY FAST VOL. 1,Rhythm & Blues,Membran
261,SKREAM,Unreleased Classics Vol.1 2003 - 2003_,Dubstep,Not On Label (Skream Self-released)
262,King Doudou,SURRENDER,Dancehall,Not On Label
275,Glances,Stay There EP,Techno,Scuffed Recordings
275,Glances,Stay There EP,Leftfield,Scuffed Recordings
276,XXIII,XXIII __ 150,Baroque,Phonotechnik Boesel + Oswald
278,XXIII,XXIII __ VOLUME 3,Breakbeat,R & R Record Review
278,XXIII,XXIII __ VOLUME 3,Hardcore,R & R Record Review
278,XXIII,XXIII __ VOLUME 3,Techno,R & R Record Review
279,XXIII,XXIII __ VOLUME 5,Renaissance,Brilliant Classics
280,XXIII,XXIII __ VOLUME 6,Experimental,Kirigirisu Recordings
281,XXIII,XXIII __ VOLUME 7,Field Recording,(11.5)2 Anti-Music
281,XXIII,XXIII __ VOLUME 7,Noise,(11.5)2 Anti-Music
282,XXIII,XXIII __ VOLUME 8,Noise,Autonomous Individuals Network
282,XXIII,XXIII __ VOLUME 8,Field Recording,Autonomous Individuals Network
282,XXIII,XXIII __ VOLUME 8,Lo-Fi,Autonomous Individuals Network
282,XXIII,XXIII __ VOLUME 8,Free Improvisation,Autonomous Individuals Network
282,XXIII,XXIII __ VOLUME 8,Dark Ambient,Autonomous Individuals Network
282,XXIII,XXIII __ VOLUME 8,Abstract,Autonomous Individuals Network
282,XXIII,XXIII __ VOLUME 8,Experimental,Autonomous Individuals Network
283,Blade,Evil Forces EP,Drum n Bass,Vibez '93
284,Coco Bryce,Coco & The Cat Return (CITB007),Jungle,Cat In The Bag
286,Forest Drive West,Jungle Crack EP,Drum n Bass,Rupture London
286,Forest Drive West,Jungle Crack EP,Jungle,Rupture London
287,Forest Drive West,Persistence Of Memory,Techno,Hidden Hawaii
287,Forest Drive West,Persistence Of Memory,Drum n Bass,Hidden Hawaii
288,Forest Drive West,Set Free,Drum n Bass,Rupture London
288,Forest Drive West,Set Free,Jungle,Rupture London
289,Forest Drive West,Dualism EP,Dub Techno,Livity Sound
289,Forest Drive West,Dualism EP,Techno,Livity Sound
290,Forest Drive West,Blue 05,Experimental,Whities
290,Forest Drive West,Blue 05,Techno,Whities
291,Forest Drive West,Static _ Escape,Techno,Livity Sound
292,Forest Drive West,Apparitions,Deep Techno,Livity Sound
292,Forest Drive West,Apparitions,Ambient,Livity Sound
293,Forest Drive West,System _ Show Them,Techno,Dnuos Ytivil
294,Forest Drive West,Terminus - EP,Techno,R & S Records
294,Forest Drive West,Terminus - EP,Drum n Bass,R & S Records
296,Weird Weather,Succulents EP,Industrial,LASH00
296,Weird Weather,Succulents EP,Dub,LASH00
296,Weird Weather,Succulents EP,Experimental,LASH00
296,Weird Weather,Succulents EP,Leftfield,LASH00
298,Locked Club,Svoboda EP,Electro,PRIVATE PERSONS
298,Locked Club,Svoboda EP,Techno,PRIVATE PERSONS
299,ZULI,Bionic Ahmed (UIQ0002),Abstract,UIQ
299,ZULI,Bionic Ahmed (UIQ0002),Grime,UIQ
299,ZULI,Bionic Ahmed (UIQ0002),Techno,UIQ
299,ZULI,Bionic Ahmed (UIQ0002),Jungle,UIQ
299,ZULI,Bionic Ahmed (UIQ0002),UK Garage,UIQ
300,Al Wootton,Every Knee Shall Bow _ Every Tongue Confess,Dub,ZamZam Sounds
300,Al Wootton,Every Knee Shall Bow _ Every Tongue Confess,Dub Techno,ZamZam Sounds
301,Babe Roots,Babe Roots LP,Dub,Linear Movement
301,Babe Roots,Babe Roots LP,Dub Techno,Linear Movement
302,Babe Roots,MUSIC MISSION EP,Latin,Blanco Y Negro (2)
302,Babe Roots,MUSIC MISSION EP,Hi NRG,Blanco Y Negro (2)
302,Babe Roots,MUSIC MISSION EP,Italo-Disco,Blanco Y Negro (2)
302,Babe Roots,MUSIC MISSION EP,Pop Rap,Blanco Y Negro (2)
302,Babe Roots,MUSIC MISSION EP,Disco,Blanco Y Negro (2)
302,Babe Roots,MUSIC MISSION EP,Techno,Blanco Y Negro (2)
302,Babe Roots,MUSIC MISSION EP,Euro House,Blanco Y Negro (2)
302,Babe Roots,MUSIC MISSION EP,House,Blanco Y Negro (2)
302,Babe Roots,MUSIC MISSION EP,Electro,Blanco Y Negro (2)
302,Babe Roots,MUSIC MISSION EP,Synth-pop,Blanco Y Negro (2)
302,Babe Roots,MUSIC MISSION EP,Funk,Blanco Y Negro (2)
304,Beneath,Numbers Talk EP,Dub,Livity Sound
304,Beneath,Numbers Talk EP,Dub Techno,Livity Sound
305,Beneath,Beneath - Seeus _ Ovaride,Tribal,Hotline Recordings
305,Beneath,Beneath - Seeus _ Ovaride,Techno,Hotline Recordings
306,Gombeen & Doygen,D'Americana _ Auto-Lies,Dub Techno,Wah Wah Wino
306,Gombeen & Doygen,D'Americana _ Auto-Lies,Abstract,Wah Wah Wino
307,Front De Cadeaux,Supreme Rallentato Volume 1,House,Not On Label (Front De Cadeaux Self-released)
307,Front De Cadeaux,Supreme Rallentato Volume 1,Tech House,Not On Label (Front De Cadeaux Self-released)
307,Front De Cadeaux,Supreme Rallentato Volume 1,Dub,Not On Label (Front De Cadeaux Self-released)
308,Front De Cadeaux,Supreme Rallentato Volume 2,House,Not On Label (Front De Cadeaux Self-released)
308,Front De Cadeaux,Supreme Rallentato Volume 2,Tech House,Not On Label (Front De Cadeaux Self-released)
308,Front De Cadeaux,Supreme Rallentato Volume 2,Dub,Not On Label (Front De Cadeaux Self-released)
309,Front De Cadeaux,SUPREME RALLENTATO VOLUME 4,House,Not On Label (Front De Cadeaux Self-released)
309,Front De Cadeaux,SUPREME RALLENTATO VOLUME 4,Tech House,Not On Label (Front De Cadeaux Self-released)
309,Front De Cadeaux,SUPREME RALLENTATO VOLUME 4,Dub,Not On Label (Front De Cadeaux Self-released)
311,Shifted,Telic,Techno,Our Circula Sound
312,Agrippa,Mygraine Urgraine _ Harbour Run,Grime,Version (2)
312,Agrippa,Mygraine Urgraine _ Harbour Run,Leftfield,Version (2)
312,Agrippa,Mygraine Urgraine _ Harbour Run,Techno,Version (2)
313,Argo,Nooo,Dubstep,Artikal Music UK
314,Commodo,Commodo - F_ck Mountain _ Good Grief,Dubstep,Hotline Recordings
315,Commodo,Shift,Grime,Deep Medi Musik
315,Commodo,Shift,Dubstep,Deep Medi Musik
316,Compa,Take Control,Dubstep,Artikal Music UK
316,Compa,Take Control,Grime,Artikal Music UK
317,Yandrel,TEMPO,Favela Funk,Not On Label (Yandrel Self-released)
317,Yandrel,TEMPO,Hyperpop,Not On Label (Yandrel Self-released)
318,"Yandrel, A-PAR",TEMPO,Favela Funk,Not On Label (Yandrel Self-released)
318,"Yandrel, A-PAR",TEMPO,Hyperpop,Not On Label (Yandrel Self-released)
319,EVA808,WPR021 - Oyuki EP,Dubstep,White Peach
319,EVA808,WPR021 - Oyuki EP,Grime,White Peach
320,"Yandrel, KARAN!",TEMPO,Favela Funk,Not On Label (Yandrel Self-released)
320,"Yandrel, KARAN!",TEMPO,Hyperpop,Not On Label (Yandrel Self-released)
321,"Yandrel, rensgo",TEMPO,Favela Funk,Not On Label (Yandrel Self-released)
321,"Yandrel, rensgo",TEMPO,Hyperpop,Not On Label (Yandrel Self-released)
322,PAWSA,TOO COOL TO BE CARELESS,House,PAWZ
324,Hebbe,Down Town Dub _ Tumble,Dubstep,System Music (2)
325,"Yandrel, TToten",TEMPO,Favela Funk,Not On Label (Yandrel Self-released)
325,"Yandrel, TToten",TEMPO,Hyperpop,Not On Label (Yandrel Self-released)
326,"Yandrel, Adame DJ",TEMPO,Favela Funk,Not On Label (Yandrel Self-released)
326,"Yandrel, Adame DJ",TEMPO,Hyperpop,Not On Label (Yandrel Self-released)
327,JOSI DEVIL,_JD'S WOURLD_ 002,Dubstep,Homemade Soundsystem
328,Kahn,Dread_ Dubkasm Versions,Dub,Deep Medi Musik
328,Kahn,Dread_ Dubkasm Versions,Dubstep,Deep Medi Musik
329,Kahn,Illy _ Tehran,Dubstep,Punch Drunk
330,Kahn,SYSTM035 - KAHN,Dubstep,System Music (2)
331,Kahn,Dread,Dubstep,Deep Medi Musik
333,Loefah,Disco Rekah _ All of a Sudden,Dubstep,Deep Medi Musik
335,Coki,Disco Rekah _ All of a Sudden,Dubstep,Deep Medi Musik
336,Mala,Changes _ Forgive,Dubstep,Deep Medi Musik
337,Mala,Miracles _ New Life (Baby Paris),Dubstep,Deep Medi Musik
337,Mala,Miracles _ New Life (Baby Paris),Dub,Deep Medi Musik
338,"Yandrel, Renzyx",TEMPO,Favela Funk,Not On Label (Yandrel Self-released)
338,"Yandrel, Renzyx",TEMPO,Hyperpop,Not On Label (Yandrel Self-released)
339,"Yandrel, ELK_Music",TEMPO,Favela Funk,Not On Label (Yandrel Self-released)
339,"Yandrel, ELK_Music",TEMPO,Hyperpop,Not On Label (Yandrel Self-released)
340,"Yandrel, Haiik",TEMPO,Favela Funk,Not On Label (Yandrel Self-released)
340,"Yandrel, Haiik",TEMPO,Hyperpop,Not On Label (Yandrel Self-released)
342,Quartz,Alchemy Burn,Dubstep,System Music (2)
343,Drax,The 3rd Decade,Techno,Perc Trax Limited
343,Drax,The 3rd Decade,Acid,Perc Trax Limited
344,RSD,Punch Drunk 008,Dubstep,Punch Drunk
346,Đ.K_,The Ancient Kingdom,Free Jazz,Atavistic
346,Đ.K_,The Ancient Kingdom,Avantgarde,Atavistic
346,Đ.K_,The Ancient Kingdom,Experimental,Atavistic
347,slowthai,Runt,Grime,Method Records (4)
348,Somah,Dark Arts,Dubstep,Deep Medi Musik
351,Various,The Architects _ Volume One,Dubstep,Artikal Music UK
353,Walton,Abyss EP,Grime,Tectonic
353,Walton,Abyss EP,Techno,Tectonic
353,Walton,Abyss EP,Dubstep,Tectonic
354,Walton,Taiko,Techno,Kaizen
354,Walton,Taiko,Grime,Kaizen
354,Walton,Taiko,UK Garage,Kaizen
355,Rakim,The Master,Conscious,Universal Records
356,Autumns,Dyslexia Sound System,Dub,Touch Sensitive Records
356,Autumns,Dyslexia Sound System,Post-Punk,Touch Sensitive Records
356,Autumns,Dyslexia Sound System,Coldwave,Touch Sensitive Records
356,Autumns,Dyslexia Sound System,Techno,Touch Sensitive Records
356,Autumns,Dyslexia Sound System,Experimental,Touch Sensitive Records
357,Lost Trax,The Saturnian System,Electro,Delsin
357,Lost Trax,The Saturnian System,Acid,Delsin
357,Lost Trax,The Saturnian System,Techno,Delsin
359,DJ Seinfeld,Time Spent Away From U,House,Lobster Fury
360,Sprawl + D'Arcangelo Remix,Time Tunnel,Electro,Art-Aud
360,Sprawl + D'Arcangelo Remix,Time Tunnel,IDM,Art-Aud
360,Sprawl + D'Arcangelo Remix,Time Tunnel,Techno,Art-Aud
360,Sprawl + D'Arcangelo Remix,Time Tunnel,Breaks,Art-Aud
361,PinkPantheress,to hell with it,Drum n Bass,Parlophone
361,PinkPantheress,to hell with it,Dance-pop,Parlophone
361,PinkPantheress,to hell with it,UK Garage,Parlophone
362,Elgato,Tonight _ Blue,House,Hessle Audio
362,Elgato,Tonight _ Blue,Minimal,Hessle Audio
362,Elgato,Tonight _ Blue,Breakbeat,Hessle Audio
363,Holiday Inn Tropicantesimo,TORBIDO,New Wave,Pescheria
363,Holiday Inn Tropicantesimo,TORBIDO,Noise,Pescheria
363,Holiday Inn Tropicantesimo,TORBIDO,Lento Violento,Pescheria
364,Little Artist,CANCEL COPENHAGEN,Dub,5 Gate Temple
364,Little Artist,CANCEL COPENHAGEN,Future Jazz,5 Gate Temple
365,Cop Envy,Total End,Techno,Black Opal
367,Qant,Waiting Game EP,Drum n Bass,Vibez '93
367,Qant,Waiting Game EP,Jungle,Vibez '93
371,Dawl,Ultimate Damage,Breaks,Fear Of Dog
371,Dawl,Ultimate Damage,Electro,Fear Of Dog
371,Dawl,Ultimate Damage,Bleep,Fear Of Dog
372,Peverelist,Undulate _ Grit,Techno,Livity Sound
373,Kowton,Utility,Techno,Livity Sound
376,FLmm,Verluste EP,Industrial,Toxic Waste Buried
376,FLmm,Verluste EP,Techno,Toxic Waste Buried
377,Caucenus,REZAS,Experimental,XXIII
378,Unknown Artist,W.L.W.A.S.I.O.H. (K Lost Acid Dub),Acid,Art-Aud
378,Unknown Artist,W.L.W.A.S.I.O.H. (K Lost Acid Dub),Acid House,Art-Aud
378,Unknown Artist,W.L.W.A.S.I.O.H. (K Lost Acid Dub),Electro,Art-Aud
379,Clara! y Maoupa,Luna Nueva,Experimental,Les Disques De La Bretagne
379,Clara! y Maoupa,Luna Nueva,Reggaeton,Les Disques De La Bretagne
380,Sputnik One,Warm Body EP,Techno,Well Street Records
381,Otik,Wetlands,Techno,INTERGRADED
382,dentis,The Pintupi Nine EP,Industrial,Toxic Waste Buried
382,dentis,The Pintupi Nine EP,Techno,Toxic Waste Buried
383,Identified Patient,Weeshuis Der Verloren Zielen EP,Techno,Pinkman
383,Identified Patient,Weeshuis Der Verloren Zielen EP,Acid,Pinkman
385,Facta,Dumb Hummer_All The Time [Livity Sound],Techno,Livity Sound
385,Facta,Dumb Hummer_All The Time [Livity Sound],Leftfield,Livity Sound
386,Neinzer,Whities 025,Techno,Whities
386,Neinzer,Whities 025,Abstract,Whities
386,Neinzer,Whities 025,Breakbeat,Whities
386,Neinzer,Whities 025,Ambient,Whities
387,Ago,Why Won't You,Dubstep,Innamind Recordings
388,Mikael,Wildfire _ Lintumies,Dubstep,Innamind Recordings
389,Ninja Exotic Machine,Wokatikitanku Ep,Tribal,Pho Bho Records
389,Ninja Exotic Machine,Wokatikitanku Ep,Downtempo,Pho Bho Records
389,Ninja Exotic Machine,Wokatikitanku Ep,Tribal House,Pho Bho Records
389,Ninja Exotic Machine,Wokatikitanku Ep,Broken Beat,Pho Bho Records
391,Junior Loves,Yantlet _ Grain,Dub,5 Gate Temple
392,Tzusing,東方不敗,Techno,L.I.E.S. Records
392,Tzusing,東方不敗,EBM,L.I.E.S. Records
393,KELMAN DURAN,1804 KIDS,Experimental,Hundebiss
393,KELMAN DURAN,1804 KIDS,Reggaeton,Hundebiss
394,John Beltran,Panacea,Techno,Detroit Dancer
395,The Vision,Spectral Nomad,Techno,Metroplex
395,The Vision,Spectral Nomad,Minimal,Metroplex
396,Adlas,Headland,Dub Techno,Answer Code Request
396,Adlas,Headland,Techno,Answer Code Request
397,Cybotron,Clear,Electro,Fantasy
398,Significant Other,Postdrome EP,Broken Beat,Well Street Records
398,Significant Other,Postdrome EP,Techno,Well Street Records
399,Significant Other,Oblivion,Techno,anno (2)
399,Significant Other,Oblivion,Experimental,anno (2)
399,Significant Other,Oblivion,Ambient,anno (2)
400,Louis The 4th,Half Sided Series 1,Techno,Prima Materia
401,Fresko,Half Sided Series 1,Techno,Prima Materia
402,The Hacker,Lost & Found EP,Electro,KLAKSON
402,The Hacker,Lost & Found EP,Techno,KLAKSON
403,The Hacker & Jensen Interceptor,Trigger Zone EP,Electro,International Chrome
404,Jensen Interceptor,Tresor 30,Techno,Tresor
404,Jensen Interceptor,Tresor 30,Electro,Tresor
404,Jensen Interceptor,Tresor 30,House,Tresor
404,Jensen Interceptor,Tresor 30,Downtempo,Tresor
404,Jensen Interceptor,Tresor 30,Ambient,Tresor
405,Robert Armani,Classic,Techno,Dance Mania
405,Robert Armani,Classic,Ghetto,Dance Mania
406,Digital Domain,I Need Relief,Breakbeat,Rabbit City Records
406,Digital Domain,I Need Relief,Hardcore,Rabbit City Records
406,Digital Domain,I Need Relief,Techno,Rabbit City Records
407,2 Bad Mice,2 Bad Mice - Gone Too Soon EP,Breakbeat,Sneaker Social Club
407,2 Bad Mice,2 Bad Mice - Gone Too Soon EP,Hardcore,Sneaker Social Club
408,Jensen Interceptor & Assembler Code,Kinematics,Electro,Central Processing Unit
409,Jensen Interceptor & Assembler Code,Hyper Reality,Electro,Cultivated Electronics
410,Jensen Interceptor & Assembler Code,6th Element,Techno,Boysnoize Records
412,LEON VYNEHALL,Rosebud _ Black Dove,House,Studio Ooze
413,Jam & Spoon,Tripomatic Fairytales 2001,Trance,Black Hole Recordings
413,Jam & Spoon,Tripomatic Fairytales 2001,Techno,Black Hole Recordings
413,Jam & Spoon,Tripomatic Fairytales 2001,Progressive Trance,Black Hole Recordings
413,Jam & Spoon,Tripomatic Fairytales 2001,Deep House,Black Hole Recordings
414,Borai & Denham Audio,Make Me _ No Good,Breakbeat,Higher Level Records
414,Borai & Denham Audio,Make Me _ No Good,Hardcore,Higher Level Records
416,Mount Kimbie,Cold Spring Fault Less Youth,Leftfield,Warp Records
416,Mount Kimbie,Cold Spring Fault Less Youth,House,Warp Records
416,Mount Kimbie,Cold Spring Fault Less Youth,Breakbeat,Warp Records
417,Omar-S,The Best!,House,FXHE Records
417,Omar-S,The Best!,Deep House,FXHE Records
417,Omar-S,The Best!,Downtempo,FXHE Records
419,Two Shell,Access,Techno,Livity Sound
420,Angel Rocket,AM003,Techno,Accidental Meetings
421,Ansome,Penny & Pound EP,Techno,Mord
422,Bambounou,033,Techno,AD 93
423,Clouds,EDLX.046 Timeslip Roadmender EP,Techno,Electric Deluxe
425,Hodge,HEK025,Techno,Hemlock Recordings
426,Hodge,Hodge - Mind Games _ Flashback,Techno,Hotline Recordings
427,Hodge,No Single Thing,Techno,Livity Sound
427,Hodge,No Single Thing,Tribal,Livity Sound
429,Bruce,Sonder Somatic,Techno,Hessle Audio
431,Manse,Cymbal Shudder,Techno,MNS
432,Parris,Burr _ Blue,Techno,Idle Hands
433,Parris,2 Vultures EP,Dub,The Trilogy Tapes
433,Parris,2 Vultures EP,Techno,The Trilogy Tapes
434,Parris,Polychrome Swim,Breakbeat,The Trilogy Tapes
434,Parris,Polychrome Swim,Dub Techno,The Trilogy Tapes
434,Parris,Polychrome Swim,Techno,The Trilogy Tapes
437,Bass,13 17,Heavy Metal,Vertigo
439,LSDXOXO,BODY MODS,Baltimore Club,Not On Label (LSDXOXO Self-released)
439,LSDXOXO,BODY MODS,Breaks,Not On Label (LSDXOXO Self-released)
439,LSDXOXO,BODY MODS,Ghetto House,Not On Label (LSDXOXO Self-released)
439,LSDXOXO,BODY MODS,Techno,Not On Label (LSDXOXO Self-released)
443,Petit Singe,Akash Ganga,Experimental,Haunter Records
443,Petit Singe,Akash Ganga,Tribal,Haunter Records
443,Petit Singe,Akash Ganga,Ambient,Haunter Records
445,La Zowi,Ama de Casa,Trap,La Vendicion
446,Boofy,Climb Out Of Your Hiding Place # Your Sheds Too,Dubstep,System Music (2)
447,Eomac,Bedouin Trax II,Experimental,Not On Label (Eomac Self-released)
447,Eomac,Bedouin Trax II,Deconstructed Club,Not On Label (Eomac Self-released)
447,Eomac,Bedouin Trax II,Techno,Not On Label (Eomac Self-released)
448,Svreca & Voices From The Lake,Between The Lines,Techno,Spazio Disponibile
449,Giggs,Big Bad,,SN1 Records
451,Soundbwoy Killah,Come My Selector,Breakbeat,Sneaker Social Club
451,Soundbwoy Killah,Come My Selector,Garage House,Sneaker Social Club
452,Soundbwoy Killah,Halcyon Daze,Breakbeat,Sneaker Social Club
452,Soundbwoy Killah,Halcyon Daze,Ambient,Sneaker Social Club
452,Soundbwoy Killah,Halcyon Daze,Hardcore,Sneaker Social Club
452,Soundbwoy Killah,Halcyon Daze,Techno,Sneaker Social Club
452,Soundbwoy Killah,Halcyon Daze,House,Sneaker Social Club
452,Soundbwoy Killah,Halcyon Daze,UK Garage,Sneaker Social Club
454,Elijah Minnelli,Creamed Horn,Cumbia,Accidental Meetings
454,Elijah Minnelli,Creamed Horn,Dub,Accidental Meetings
454,Elijah Minnelli,Creamed Horn,Reggae,Accidental Meetings
454,Elijah Minnelli,Creamed Horn,Folk,Accidental Meetings
455,Anatolian Weapons,Anatolian Weapons _ LINJA - Split EP,Experimental,Serenades
455,Anatolian Weapons,Anatolian Weapons _ LINJA - Split EP,Downtempo,Serenades
455,Anatolian Weapons,Anatolian Weapons _ LINJA - Split EP,Tribal,Serenades
464,67,Lets Lurk,Grime,6ix 7even
464,67,Lets Lurk,Trap,6ix 7even
464,67,Lets Lurk,Drill,6ix 7even
466,LINJA,Anatolian Weapons _ LINJA - Split EP,Experimental,Serenades
466,LINJA,Anatolian Weapons _ LINJA - Split EP,Downtempo,Serenades
466,LINJA,Anatolian Weapons _ LINJA - Split EP,Tribal,Serenades
467,LINJA,Split,Experimental,Serenades
467,LINJA,Split,Downtempo,Serenades
467,LINJA,Split,Tribal,Serenades
468,Another Channel,Behind The Glow,Dub,Moonshine Recordings
468,Another Channel,Behind The Glow,Dub Techno,Moonshine Recordings
469,ASAP Mob,Cozy Tapes Vol. 1 - Friends,Hip Hop,Nasty World Records
469,ASAP Mob,Cozy Tapes Vol. 1 - Friends,Trap,Nasty World Records
470,Biome,Griddled,Dubstep,Kaizen
470,Biome,Griddled,Grime,Kaizen
470,Biome,Griddled,Techno,Kaizen
471,Boddika,Acid Jackson,Acid,Swamp 81
471,Boddika,Acid Jackson,Electro,Swamp 81
472,UnknownArtist,UnknownAlbum,Harsh Noise Wall,Flea Market
474,Caski,Caski - Structures EP (4SEA002),UK Garage,4 Seasons Music
474,Caski,Caski - Structures EP (4SEA002),Techno,4 Seasons Music
477,Dizzee Rascal,Pagans EP,Grime,Dirtee Stank Recordings
485,Massacooramaan,Dead Long Time,Ghetto,Fade To Mind
488,Mina,DL,Chanson,PDU
488,Mina,DL,Ballad,PDU
489,Veracocha,"Dream Dance, Vol. 88",Trance,Sony Music
489,Veracocha,"Dream Dance, Vol. 88",Progressive Trance,Sony Music
489,Veracocha,"Dream Dance, Vol. 88",House,Sony Music
489,Veracocha,"Dream Dance, Vol. 88",Hard Trance,Sony Music
